na,Strephon,Ronna.Strephon@fakemail.com
Gusty,Emerson,Gusty.Emerson@fakemail.com
Rhoda,Swigart,Rhoda.Swigartfakemail.com
Mady,Payson,Mady.Payson@fakemail.com
Marti,Je,Marti.Jillane@fakemail.com
Lucille,Janene,Lucille.Janene@fakemail.com
Andeee,Campball,Andeee.Campball@fakemail.com
Kimberley,Buttaro,Kimberley.Buttaro@fakemail.com
Aubrie,Marlie,Aubrie.Marlie@fakemail.com
Agnese,Reinke,Agnese.Reinke@fakemail.com
Rozele,Mayeda,Rozele.Mayeda@fakemail.com
Valeda,Poll,Valeda.Poll@fakemail.com
Deane,Mintz,Deane.Mintz@fakemail.com
Meriel,Cosenza,Meriel.Cosenza@fakemail.com
Heddie,Mallon,Heddie.Mallon@fakemail.com
Elora,Huggins,Elora.Huggins@fakemail.com
Lynea,Skell,Lynea.Skell@fakemail.com
Melisent,Lane,Melisent.Lane@fakemail.com
Madeleine,Weide,Madeleine.Weide@fakemail.com
Ruthe,Malvino,Ruthe.Malvino@fakemail.com
Dolli,Lindemann,Dolli.Lindemann@fakemail.com
Ginnie,Morgun,Ginnie.Morgun@fakemail.com
Eve,Kauppi,Eve.Kauppi@fakemail.com
Hayley,Lay,Hayley.Lay@fakemail.com
Amii,Joachim,Amii.Joachim@fakemail.com
Adele,Destinee,Adele.Destinee@fakemail.com
Dyann,Thar,Dyann.Thar@fakemail.com
Gratia,Calhoun,Gratia.Calhoun@fakemail.com
Damaris,Alwin,Damaris.Alwin@fakemail.com
Flo,Mandler,Flo.Mandler@fakemail.com
Nonnah,Bryna,Nonnah.Bryna@fakemail.com
Raf,Even,Raf.Even@fakemail.com
Raquela,Cressida,Raquela.Cressida@fakemail.com
Nickie,Imelida,Nickie.Imelida@fakemail.com
Sheelagh,Brodench,Sheelagh.Brodench@fakemail.com
Natka,Haldas,Natka.Haldas@fakemail.com
Kellen,Reneta,Kellen.Reneta@fakemail.com
Priscilla,Vale,Priscilla.Vale@fakemail.com
Bettine,Wesle,Bettine.Wesle@fakemail.com
Alia,Cottle,Alia.Cottle@fakemail.com
Pollyanna,Arquit,Pollyanna.Arquit@fakemail.com
Anallese,Jacinda,Anallese.Jacinda@fakemail.com
Jemie,Baptlsta,Jemie.Baptlsta@fakemail.com
Deirdre,Emmy,Deirdre.Emmy@fakemail.com
Tilly,Oriana,Tilly.Oriana@fakemail.com
Philis,McNully,Philis.McNully@fakemail.com
Wanda,Heisel,Wanda.Heisel@fakemail.com
Sissy,Ezar,Sissy.Ezar@fakemail.com
Allyce,Nedrud,Allyce.Nedrud@fakemail.com
Bertine,Tayib,Bertine.Tayib@fakemail.com
Caryl,Frodi,Caryl.Frodi@fakemail.com
Babita,Geffner,Babita.Geffner@fakemail.com
Sarette,Pelagias,Sarette.Pelagias@fakemail.com
Rani,Tamsky,Rani.Tamsky@fakemail.com
Phylis,Chabot,Phylis.Chabot@fakemail.com
Tera,Cosenza,Tera.Cosenza@fakemail.com
Gerrie,Rona,Gerrie.Rona@fakemail.com
Dominga,Presber,Dominga.Presber@fakemail.com
Andeee,Berl,Andeee.Berl@fakemail.com
Marika,Trace,Marika.Trace@fakemail.com
Korrie,Buffum,Korrie.Buffum@fakemail.com
Merry,McLaughlin,Merry.McLaughlin@fakemail.com
Hermione,Marden,Hermione.Marden@fakemail.com
Frances,Hazlett,Frances.Hazlett@fakemail.com
Blondelle,Wadell,Blondelle.Wadell@fakemail.com
Catharine,Bultman,Catharine.Bultman@fakemail.com
Gerianna,Jeanne,Gerianna.Jeanne@fakemail.com
Vinita,Hillel,Vinita.Hillel@fakemail.com
Wendi,Alexandr,Wendi.Alexandr@fakemail.com
Robbi,Jaylene,Robbi.Jaylene@fakemail.com
Blake,Raychel,Blake.Raychel@fakemail.com
Dode,Lumbard,Dode.Lumbard@fakemail.com
Fayre,Ferino,Fayre.Ferino@fakemail.com
Nadine,Minetta,Nadine.Minetta@fakemail.com
Larine,Raimondo,Larine.Raimondo@fakemail.com
Talya,Niles,Talya.Niles@fakemail.com
Janenna,Dannye,Janenna.Dannye@fakemail.com
Nariko,Pulsifer,Nariko.Pulsifer@fakemail.com
Keelia,Even,Keelia.Even@fakemail.com
Emilia,Juliet,Emilia.Juliet@fakemail.com
Maridel,Dannye,Maridel.Dannye@fakemail.com
Dari,Levey,Dari.Levey@fakemail.com
Dale,Voletta,Dale.Voletta@fakemail.com
Eugine,Strephon,Eugine.Strephon@fakemail.com
Lesly,Scammon,Lesly.Scammon@fakemail.com
Jaime,Kathie,Jaime.Kathie@fakemail.com
Myrtice,Thornburg,Myrtice.Thornburg@fakemail.com
Tressa,Philipp,Tressa.Philipp@fakemail.com
Nariko,Verger,Nariko.Verger@fakemail.com
Vevay,Himelman,Vevay.Himelman@fakemail.com
Tarra,Tice,Tarra.Tice@fakemail.com
Phylis,Greenwald,Phylis.Greenwald@fakemail.com
Vevay,Charity,Vevay.Charity@fakemail.com
Viki,Papageno,Viki.Papageno@fakemail.com
Alexine,Malanie,Alexine.Malanie@fakemail.com
Aili,Mathilde,Aili.Mathilde@fakemail.com
Shaine,Wittie,Shaine.Wittie@fakemail.com
Lucy,Lamoree,Lucy.Lamoree@fakemail.com
Brianna,Ajay,Brianna.Ajay@fakemail.com
Beatriz,Cavan,Beatriz.Cavan@fakemail.com
Olwen,Azeria,Olwen.Azeria@fakemail.com
Lonnie,Eachern,Lonnie.Eachern@fakemail.com
Belinda,Zina,Belinda.Zina@fakemail.com
Sheelagh,Clara,Sheelagh.Clara@fakemail.com
Lusa,Stuart,Lusa.Stuart@fakemail.com
Dennie,Mintz,Dennie.Mintz@fakemail.com
Adelle,Shama,Adelle.Shama@fakemail.com
Cecile,Emmy,Cecile.Emmy@fakemail.com
Janey,Wadell,Janey.Wadell@fakemail.com
Dulcinea,Barbey,Dulcinea.Barbey@fakemail.com
Ethel,Connelly,Ethel.Connelly@fakemail.com
Leeanne,Elo,Leeanne.Elo@fakemail.com
Grier,Terencio,Grier.Terencio@fakemail.com
Margarette,Odysseus,Margarette.Odysseus@fakemail.com
Kellen,Kaja,Kellen.Kaja@fakemail.com
Jordan,Zeeba,Jordan.Zeeba@fakemail.com
Carree,Olnee,Carree.Olnee@fakemail.com
Frances,Raychel,Frances.Raychel@fakemail.com
Paola,Macey,Paola.Macey@fakemail.com
Livvyy,Wenoa,Livvyy.Wenoa@fakemail.com
Wynne,Ramona,Wynne.Ramona@fakemail.com
Sybille,Arne,Sybille.Arne@fakemail.com
Diena,Kress,Diena.Kress@fakemail.com
Peri,Kellby,Peri.Kellby@fakemail.com
Tomasina,Torray,Tomasina.Torray@fakemail.com
Nikki,Autrey,Nikki.Autrey@fakemail.com
Helena,Hirsch,Helena.Hirsch@fakemail.com
Britni,Crudden,Britni.Crudden@fakemail.com
Jan,Narton,Jan.Narton@fakemail.com
Bibby,Shanley,Bibby.Shanley@fakemail.com
Verla,Xerxes,Verla.Xerxes@fakemail.com
Annora,Maples,Annora.Maples@fakemail.com
Almeta,Colbert,Almeta.Colbert@fakemail.com
Alyssa,Colyer,Alyssa.Colyer@fakemail.com
Danny,Zola,Danny.Zola@fakemail.com
Ethel,Obed,Ethel.Obed@fakemail.com
Amara,Brian,Amara.Brian@fakemail.com
Glenda,Tice,Glenda.Tice@fakemail.com
Vinita,Anselmi,Vinita.Anselmi@fakemail.com
Lesly,Bonilla,Lesly.Bonilla@fakemail.com
Angela,Pauly,Angela.Pauly@fakemail.com
Ketti,Suk,Ketti.Suk@fakemail.com
Babita,Maryanne,Babita.Maryanne@fakemail.com
Stephanie,Tippets,Stephanie.Tippets@fakemail.com
Oralee,Bivins,Oralee.Bivins@fakemail.com
Kate,Ajay,Kate.Ajay@fakemail.com
Jorry,Carbo,Jorry.Carbo@fakemail.com
Lory,Fennessy,Lory.Fennessy@fakemail.com
Rayna,Lenny,Rayna.Lenny@fakemail.com
Ursulina,Terrence,Ursulina.Terrence@fakemail.com
Kamilah,Tremayne,Kamilah.Tremayne@fakemail.com
Gabi,Abernon,Gabi.Abernon@fakemail.com
Brooks,Adalbert,Brooks.Adalbert@fakemail.com
Netty,Autrey,Netty.Autrey@fakemail.com
Rori,Joni,Rori.Joni@fakemail.com
Gloria,Celestine,Gloria.Celestine@fakemail.com
Konstance,Sinegold,Konstance.Sinegold@fakemail.com
Gilda,Berriman,Gilda.Berriman@fakemail.com
Tabbatha,Slifka,Tabbatha.Slifka@fakemail.com
Ana,Krystle,Ana.Krystle@fakemail.com
Ida,Solitta,Ida.Solitta@fakemail.com
Laurene,Dom,Laurene.Dom@fakemail.com
Mureil,Uird,Mureil.Uird@fakemail.com
Taffy,Orlene,Taffy.Orlene@fakemail.com
Alejandra,Juliet,Alejandra.Juliet@fakemail.com
Cacilie,Ietta,Cacilie.Ietta@fakemail.com
Brynna,Ezar,Brynna.Ezar@fakemail.com
Beatriz,Goldina,Beatriz.Goldina@fakemail.com
Phylis,Hathaway,Phylis.Hathaway@fakemail.com
Ardeen,Cloris,Ardeen.Cloris@fakemail.com
Rhoda,Peti,Rhoda.Peti@fakemail.com
Kylynn,Miru,Kylynn.Miru@fakemail.com
Dominga,Bronk,Dominga.Bronk@fakemail.com
Gusella,Stelle,Gusella.Stelle@fakemail.com
Ebonee,Ball,Ebonee.Ball@fakemail.com
Lenna,Quent,Lenna.Quent@fakemail.com
Evita,Yorick,Evita.Yorick@fakemail.com
Marita,Anyah,Marita.Anyah@fakemail.com
Marjie,Francyne,Marjie.Francyne@fakemail.com
Marylou,Curren,Marylou.Curren@fakemail.com
Cyb,Ludewig,Cyb.Ludewig@fakemail.com
Ariela,Norrie,Ariela.Norrie@fakemail.com
Addia,Wolfgram,Addia.Wolfgram@fakemail.com
Molli,Croix,Molli.Croix@fakemail.com
Gavrielle,Gwenore,Gavrielle.Gwenore@fakemail.com
Nadine,Santoro,Nadine.Santoro@fakemail.com
Cherilyn,Redmond,Cherilyn.Redmond@fakemail.com
Jorry,Gilmour,Jorry.Gilmour@fakemail.com
Gertrud,Bury,Gertrud.Bury@fakemail.com
Patricia,Alejoa,Patricia.Alejoa@fakemail.com
Peri,Hollingsworth,Peri.Hollingsworth@fakemail.com
Joelly,Suk,Joelly.Suk@fakemail.com
Vivia,Liebermann,Vivia.Liebermann@fakemail.com
Elmira,Lunsford,Elmira.Lunsford@fakemail.com
Roz,Vacuva,Roz.Vacuva@fakemail.com
Kenna,Soneson,Kenna.Soneson@fakemail.com
Carmela,Doig,Carmela.Doig@fakemail.com
Merrie,Durante,Merrie.Durante@fakemail.com
Gilligan,Nance,Gilligan.Nance@fakemail.com
Mildrid,Erlandson,Mildrid.Erlandson@fakemail.com